Reading V +-2,u_V,Angle +-2
0.0006,0.06,90
0.00005,0.05,77
0.000275,0.05,68
0.00175,0.1,66
0.00005,0.05,107
0.0005,0.06,115
0.00025,0.05,120
0.0006,0.06,124