Reading V +-2,u_V,Angle +-2
0.0006,0.00006,90
0.00005,0.00005,77
0.000275,0.00005,68
0.00175,0.0001,66
0.00005,0.00005,107
0.0005,0.00006,115
0.00025,0.00005,120
0.0006,0.00006,124