voltage,u_v,angle
0.0006,0.00006,0
0.00005,0.00005,-13
0.000275,0.00005,-22
0.00175,0.0001,-24
0.00005,0.00005,17
0.0005,0.00006,25
0.00025,0.00005,30
0.0006,0.00006,34