Maxima d,u_d,maxima d [m],u_d[m],n,Minima d,,,,
21.6,0.05,0.216,0.001,10,21.0,,,,
20.1,0.05,0.201,0.001,9,19.6,,,,
18.5,0.05,0.185,0.001,8,18.0,,,,
17.1,0.05,0.171,0.001,7,16.7,,,d=nl/2,at max
15.5,0.05,0.1545,0.001,6,15.1,,,gradient = l/2,
14.0,0.05,0.14,0.001,5,13.6,,,lambda = 2*gradient,
12.5,0.05,0.125,0.001,4,11.9,,,1.540606061,
10.9,0.05,0.109,0.001,3,10.2,,,0.03081212121,
9.4,0.05,0.0935,0.001,2,8.7,,,,
7.6,0.05,0.076,0.001,1,7.0,,,,