Angle +-2,Angle in radian,cos^2(theta),u_cos^2(theta),"Voltage V +-2, I0+-10",V/V0,u_V/V0,Horn d = 71cm,u_angle,
0,0,1,0.03,0.06,1.20,0.2,0.71,0.03,Horizontal
15,0.26180,0.93301,0.03,0.02,0.40,0.1,,,
30,0.52360,0.75000,0.03,0.016,0.32,0.1,,,
45,0.78540,0.50000,0.03,0.014,0.28,0.1,I0,0.05,
60,1.04720,0.25000,0.02,0.008,0.16,0.1,u_v0,0.01,
75,1.30900,0.06699,0.005,0.006,0.12,0.05,u_v,0.002,
90,1.57080,0.00000,0.000,0.006,0.12,0.05,,,