Maxima d,u_d,maxima d [m],u_d[m],n,Minima d,,,,
21.6,0.05,0.0216,0.00005,10,21.0,,,,
20.1,0.05,0.0201,0.00005,9,19.6,,,,
18.5,0.05,0.0185,0.00005,8,18.0,,,,
17.1,0.05,0.0171,0.00005,7,16.7,,,d=nl/2,at max
15.5,0.05,0.01545,0.00005,6,15.1,,,gradient = l/2,
14.0,0.05,0.014,0.00005,5,13.6,,,lambda = 2*gradient,
12.5,0.05,0.0125,0.00005,4,11.9,,,1.540606061,
10.9,0.05,0.0109,0.00005,3,10.2,,,3.081212121,
9.4,0.05,0.00935,0.00005,2,8.7,,,,
7.6,0.05,0.0076,0.00005,1,7.0,,,,