Reading V +-2,Angle +-2
0.0006,90
0.00005,77
0.000275,68
0.00175,66
0.00005,107
0.0005,115
0.00025,120
0.0006,124