n/d,theta,sin(theta)
0,2.164208272,0.8290375726
20,2.00712864,0.906307787
40,1.570796327,1
60,1.151917306,0.9135454576